{"cameraMode":{"drawMode":0,"name":"Shaded","section":"Shading Mode"},"sceneLighting":true,"audioPlay":false,"sceneViewState":{"m_AlwaysRefresh":false,"showFog":true,"showSkybox":false,"showFlares":true,"showImageEffects":true,"showParticleSystems":true,"showVisualEffectGraphs":true,"m_FxEnabled":true},"in2DMode":false,"pivot":{"x":0.4320540130138397,"y":-0.11672667413949967,"z":0.1102524995803833},"rotation":{"x":-0.017600897699594499,"y":0.9041944742202759,"z":0.03814976289868355,"w":0.4263455867767334},"size":67.07909393310547,"orthographic":false}